target,unit,train_mae,test_mae,test_rmse,train_r2,test_r2,sample_mean_error,sample_median_abs_error,sample_max_abs_error
delta_N,mg/kg,2.961321,3.25144,6.401856,0.554573,0.443554,-0.872179,0.978968,23.870553
delta_P,mg/kg,1.430933,1.591293,3.171422,0.565699,0.454217,-0.650673,0.485336,14.183535
delta_K,mg/kg,3.070621,3.412629,6.476091,0.553145,0.428371,-0.307671,0.950392,28.303447
irrigation_ml,mL,1.509511,1.63541,3.742558,0.998128,0.998023,-0.938312,0.138561,13.243293
pH_adj,pH adjustment,0.04386,0.048037,0.085614,0.36989,0.212386,-0.010009,0.018413,0.333491
